1;0132;'AFEGANISTAO';"builder.HasData( new PaisEntity { ID = 1, Nome = 'AFEGANISTAO',CdSis = 0132 } );";;;builder.HasData( ;"new PaisEntity { ID = @ID, Nome = @NOME,CdSis = @CDSis } );"
2;0175;'ALBANIA, REPUBLICA DA';"builder.HasData( new PaisEntity { ID = 2, Nome = 'ALBANIA, REPUBLICA DA',CdSis = 0175 } );";;;;
3;0230;'ALEMANHA';"builder.HasData( new PaisEntity { ID = 3, Nome = 'ALEMANHA',CdSis = 0230 } );";;;;
4;0310;'BURKINA FASO';"builder.HasData( new PaisEntity { ID = 4, Nome = 'BURKINA FASO',CdSis = 0310 } );";;;;
5;0370;'ANDORRA';"builder.HasData( new PaisEntity { ID = 5, Nome = 'ANDORRA',CdSis = 0370 } );";;;;
6;0400;'ANGOLA';"builder.HasData( new PaisEntity { ID = 6, Nome = 'ANGOLA',CdSis = 0400 } );";;;;
7;0418;'ANGUILLA';"builder.HasData( new PaisEntity { ID = 7, Nome = 'ANGUILLA',CdSis = 0418 } );";;;;
8;0434;'ANTIGUA E BARBUDA';"builder.HasData( new PaisEntity { ID = 8, Nome = 'ANTIGUA E BARBUDA',CdSis = 0434 } );";;;;
9;0477;'ANTILHAS HOLANDESAS';"builder.HasData( new PaisEntity { ID = 9, Nome = 'ANTILHAS HOLANDESAS',CdSis = 0477 } );";;;;
10;0531;'ARABIA SAUDITA';"builder.HasData( new PaisEntity { ID = 10, Nome = 'ARABIA SAUDITA',CdSis = 0531 } );";;;;
11;0590;'ARGELIA';"builder.HasData( new PaisEntity { ID = 11, Nome = 'ARGELIA',CdSis = 0590 } );";;;;
12;0639;'ARGENTINA';"builder.HasData( new PaisEntity { ID = 12, Nome = 'ARGENTINA',CdSis = 0639 } );";;;;
13;0647;'ARMENIA, REPUBLICA DA';"builder.HasData( new PaisEntity { ID = 13, Nome = 'ARMENIA, REPUBLICA DA',CdSis = 0647 } );";;;;
14;0655;'ARUBA';"builder.HasData( new PaisEntity { ID = 14, Nome = 'ARUBA',CdSis = 0655 } );";;;;
15;0698;'AUSTRALIA';"builder.HasData( new PaisEntity { ID = 15, Nome = 'AUSTRALIA',CdSis = 0698 } );";;;;
16;0728;'AUSTRIA';"builder.HasData( new PaisEntity { ID = 16, Nome = 'AUSTRIA',CdSis = 0728 } );";;;;
17;0736;'AZERBAIJAO, REPUBLICA DO';"builder.HasData( new PaisEntity { ID = 17, Nome = 'AZERBAIJAO, REPUBLICA DO',CdSis = 0736 } );";;;;
18;0779;'BAHAMAS, ILHAS';"builder.HasData( new PaisEntity { ID = 18, Nome = 'BAHAMAS, ILHAS',CdSis = 0779 } );";;;;
19;0809;'BAHREIN, ILHAS';"builder.HasData( new PaisEntity { ID = 19, Nome = 'BAHREIN, ILHAS',CdSis = 0809 } );";;;;
20;0817;'BANGLADESH';"builder.HasData( new PaisEntity { ID = 20, Nome = 'BANGLADESH',CdSis = 0817 } );";;;;
21;0833;'BARBADOS';"builder.HasData( new PaisEntity { ID = 21, Nome = 'BARBADOS',CdSis = 0833 } );";;;;
22;0850;'BELARUS, REPUBLICA DA';"builder.HasData( new PaisEntity { ID = 22, Nome = 'BELARUS, REPUBLICA DA',CdSis = 0850 } );";;;;
23;0876;'BELGICA';"builder.HasData( new PaisEntity { ID = 23, Nome = 'BELGICA',CdSis = 0876 } );";;;;
24;0884;'BELIZE';"builder.HasData( new PaisEntity { ID = 24, Nome = 'BELIZE',CdSis = 0884 } );";;;;
25;0906;'BERMUDAS';"builder.HasData( new PaisEntity { ID = 25, Nome = 'BERMUDAS',CdSis = 0906 } );";;;;
26;0930;'MIANMAR (BIRMANIA)';"builder.HasData( new PaisEntity { ID = 26, Nome = 'MIANMAR (BIRMANIA)',CdSis = 0930 } );";;;;
27;0973;'BOLIVIA, ESTADO PLURINACIONAL DA';"builder.HasData( new PaisEntity { ID = 27, Nome = 'BOLIVIA, ESTADO PLURINACIONAL DA',CdSis = 0973 } );";;;;
28;0981;'BOSNIA-HERZEGOVINA (REPUBLICA DA)';"builder.HasData( new PaisEntity { ID = 28, Nome = 'BOSNIA-HERZEGOVINA (REPUBLICA DA)',CdSis = 0981 } );";;;;
29;1015;'BOTSUANA';"builder.HasData( new PaisEntity { ID = 29, Nome = 'BOTSUANA',CdSis = 1015 } );";;;;
30;1058;'BRASIL';"builder.HasData( new PaisEntity { ID = 30, Nome = 'BRASIL',CdSis = 1058 } );";;;;
31;1082;'BRUNEI';"builder.HasData( new PaisEntity { ID = 31, Nome = 'BRUNEI',CdSis = 1082 } );";;;;
32;1112;'BULGARIA, REPUBLICA DA';"builder.HasData( new PaisEntity { ID = 32, Nome = 'BULGARIA, REPUBLICA DA',CdSis = 1112 } );";;;;
33;1155;'BURUNDI';"builder.HasData( new PaisEntity { ID = 33, Nome = 'BURUNDI',CdSis = 1155 } );";;;;
34;1198;'BUTAO';"builder.HasData( new PaisEntity { ID = 34, Nome = 'BUTAO',CdSis = 1198 } );";;;;
35;1279;'CABO VERDE, REPUBLICA DE';"builder.HasData( new PaisEntity { ID = 35, Nome = 'CABO VERDE, REPUBLICA DE',CdSis = 1279 } );";;;;
36;1376;'CAYMAN, ILHAS';"builder.HasData( new PaisEntity { ID = 36, Nome = 'CAYMAN, ILHAS',CdSis = 1376 } );";;;;
37;1414;'CAMBOJA';"builder.HasData( new PaisEntity { ID = 37, Nome = 'CAMBOJA',CdSis = 1414 } );";;;;
38;1457;'CAMAROES';"builder.HasData( new PaisEntity { ID = 38, Nome = 'CAMAROES',CdSis = 1457 } );";;;;
39;1490;'CANADA';"builder.HasData( new PaisEntity { ID = 39, Nome = 'CANADA',CdSis = 1490 } );";;;;
40;1504;'GUERNSEY, ILHA DO CANAL (INCLUI ALDERNEY E SARK)';"builder.HasData( new PaisEntity { ID = 40, Nome = 'GUERNSEY, ILHA DO CANAL (INCLUI ALDERNEY E SARK)',CdSis = 1504 } );";;;;
41;1508;'JERSEY, ILHA DO CANAL';"builder.HasData( new PaisEntity { ID = 41, Nome = 'JERSEY, ILHA DO CANAL',CdSis = 1508 } );";;;;
42;1511;'CANARIAS, ILHAS';"builder.HasData( new PaisEntity { ID = 42, Nome = 'CANARIAS, ILHAS',CdSis = 1511 } );";;;;
43;1538;'CAZAQUISTAO, REPUBLICA DO';"builder.HasData( new PaisEntity { ID = 43, Nome = 'CAZAQUISTAO, REPUBLICA DO',CdSis = 1538 } );";;;;
44;1546;'CATAR';"builder.HasData( new PaisEntity { ID = 44, Nome = 'CATAR',CdSis = 1546 } );";;;;
45;1589;'CHILE';"builder.HasData( new PaisEntity { ID = 45, Nome = 'CHILE',CdSis = 1589 } );";;;;
46;1600;'CHINA, REPUBLICA POPULAR';"builder.HasData( new PaisEntity { ID = 46, Nome = 'CHINA, REPUBLICA POPULAR',CdSis = 1600 } );";;;;
47;1619;'FORMOSA (TAIWAN)';"builder.HasData( new PaisEntity { ID = 47, Nome = 'FORMOSA (TAIWAN)',CdSis = 1619 } );";;;;
48;1635;'CHIPRE';"builder.HasData( new PaisEntity { ID = 48, Nome = 'CHIPRE',CdSis = 1635 } );";;;;
49;1651;'COCOS(KEELING),ILHAS';"builder.HasData( new PaisEntity { ID = 49, Nome = 'COCOS(KEELING),ILHAS',CdSis = 1651 } );";;;;
50;1694;'COLOMBIA';"builder.HasData( new PaisEntity { ID = 50, Nome = 'COLOMBIA',CdSis = 1694 } );";;;;
51;1732;'COMORES, ILHAS';"builder.HasData( new PaisEntity { ID = 51, Nome = 'COMORES, ILHAS',CdSis = 1732 } );";;;;
52;1775;'CONGO';"builder.HasData( new PaisEntity { ID = 52, Nome = 'CONGO',CdSis = 1775 } );";;;;
53;1830;'COOK, ILHAS';"builder.HasData( new PaisEntity { ID = 53, Nome = 'COOK, ILHAS',CdSis = 1830 } );";;;;
54;1872;'COREIA (DO NORTE), REP.POP.DEMOCRATICA';"builder.HasData( new PaisEntity { ID = 54, Nome = 'COREIA (DO NORTE), REP.POP.DEMOCRATICA',CdSis = 1872 } );";;;;
55;1902;'COREIA (DO SUL), REPUBLICA DA';"builder.HasData( new PaisEntity { ID = 55, Nome = 'COREIA (DO SUL), REPUBLICA DA',CdSis = 1902 } );";;;;
56;1937;'COSTA DO MARFIM';"builder.HasData( new PaisEntity { ID = 56, Nome = 'COSTA DO MARFIM',CdSis = 1937 } );";;;;
57;1953;'CROACIA (REPUBLICA DA)';"builder.HasData( new PaisEntity { ID = 57, Nome = 'CROACIA (REPUBLICA DA)',CdSis = 1953 } );";;;;
58;1961;'COSTA RICA';"builder.HasData( new PaisEntity { ID = 58, Nome = 'COSTA RICA',CdSis = 1961 } );";;;;
59;1988;'COVEITE';"builder.HasData( new PaisEntity { ID = 59, Nome = 'COVEITE',CdSis = 1988 } );";;;;
60;1996;'CUBA';"builder.HasData( new PaisEntity { ID = 60, Nome = 'CUBA',CdSis = 1996 } );";;;;
61;2291;'BENIN';"builder.HasData( new PaisEntity { ID = 61, Nome = 'BENIN',CdSis = 2291 } );";;;;
62;2321;'DINAMARCA';"builder.HasData( new PaisEntity { ID = 62, Nome = 'DINAMARCA',CdSis = 2321 } );";;;;
63;2356;'DOMINICA,ILHA';"builder.HasData( new PaisEntity { ID = 63, Nome = 'DOMINICA,ILHA',CdSis = 2356 } );";;;;
64;2399;'EQUADOR';"builder.HasData( new PaisEntity { ID = 64, Nome = 'EQUADOR',CdSis = 2399 } );";;;;
65;2402;'EGITO';"builder.HasData( new PaisEntity { ID = 65, Nome = 'EGITO',CdSis = 2402 } );";;;;
66;2437;'ERITREIA';"builder.HasData( new PaisEntity { ID = 66, Nome = 'ERITREIA',CdSis = 2437 } );";;;;
67;2445;'EMIRADOS ARABES UNIDOS';"builder.HasData( new PaisEntity { ID = 67, Nome = 'EMIRADOS ARABES UNIDOS',CdSis = 2445 } );";;;;
68;2453;'ESPANHA';"builder.HasData( new PaisEntity { ID = 68, Nome = 'ESPANHA',CdSis = 2453 } );";;;;
69;2461;'ESLOVENIA, REPUBLICA DA';"builder.HasData( new PaisEntity { ID = 69, Nome = 'ESLOVENIA, REPUBLICA DA',CdSis = 2461 } );";;;;
70;2470;'ESLOVACA, REPUBLICA';"builder.HasData( new PaisEntity { ID = 70, Nome = 'ESLOVACA, REPUBLICA',CdSis = 2470 } );";;;;
71;2496;'ESTADOS UNIDOS';"builder.HasData( new PaisEntity { ID = 71, Nome = 'ESTADOS UNIDOS',CdSis = 2496 } );";;;;
72;2518;'ESTONIA, REPUBLICA DA';"builder.HasData( new PaisEntity { ID = 72, Nome = 'ESTONIA, REPUBLICA DA',CdSis = 2518 } );";;;;
73;2534;'ETIOPIA';"builder.HasData( new PaisEntity { ID = 73, Nome = 'ETIOPIA',CdSis = 2534 } );";;;;
74;2550;'FALKLAND (ILHAS MALVINAS)';"builder.HasData( new PaisEntity { ID = 74, Nome = 'FALKLAND (ILHAS MALVINAS)',CdSis = 2550 } );";;;;
75;2593;'FEROE, ILHAS';"builder.HasData( new PaisEntity { ID = 75, Nome = 'FEROE, ILHAS',CdSis = 2593 } );";;;;
76;2674;'FILIPINAS';"builder.HasData( new PaisEntity { ID = 76, Nome = 'FILIPINAS',CdSis = 2674 } );";;;;
77;2712;'FINLANDIA';"builder.HasData( new PaisEntity { ID = 77, Nome = 'FINLANDIA',CdSis = 2712 } );";;;;
78;2755;'FRANCA';"builder.HasData( new PaisEntity { ID = 78, Nome = 'FRANCA',CdSis = 2755 } );";;;;
79;2810;'GABAO';"builder.HasData( new PaisEntity { ID = 79, Nome = 'GABAO',CdSis = 2810 } );";;;;
80;2852;'GAMBIA';"builder.HasData( new PaisEntity { ID = 80, Nome = 'GAMBIA',CdSis = 2852 } );";;;;
81;2895;'GANA';"builder.HasData( new PaisEntity { ID = 81, Nome = 'GANA',CdSis = 2895 } );";;;;
82;2917;'GEORGIA, REPUBLICA DA';"builder.HasData( new PaisEntity { ID = 82, Nome = 'GEORGIA, REPUBLICA DA',CdSis = 2917 } );";;;;
83;2933;'GIBRALTAR';"builder.HasData( new PaisEntity { ID = 83, Nome = 'GIBRALTAR',CdSis = 2933 } );";;;;
84;2976;'GRANADA';"builder.HasData( new PaisEntity { ID = 84, Nome = 'GRANADA',CdSis = 2976 } );";;;;
85;3018;'GRECIA';"builder.HasData( new PaisEntity { ID = 85, Nome = 'GRECIA',CdSis = 3018 } );";;;;
86;3050;'GROENLANDIA';"builder.HasData( new PaisEntity { ID = 86, Nome = 'GROENLANDIA',CdSis = 3050 } );";;;;
87;3093;'GUADALUPE';"builder.HasData( new PaisEntity { ID = 87, Nome = 'GUADALUPE',CdSis = 3093 } );";;;;
88;3131;'GUAM';"builder.HasData( new PaisEntity { ID = 88, Nome = 'GUAM',CdSis = 3131 } );";;;;
89;3174;'GUATEMALA';"builder.HasData( new PaisEntity { ID = 89, Nome = 'GUATEMALA',CdSis = 3174 } );";;;;
90;3255;'GUIANA FRANCESA';"builder.HasData( new PaisEntity { ID = 90, Nome = 'GUIANA FRANCESA',CdSis = 3255 } );";;;;
91;3298;'GUINE';"builder.HasData( new PaisEntity { ID = 91, Nome = 'GUINE',CdSis = 3298 } );";;;;
92;3310;'GUINE-EQUATORIAL';"builder.HasData( new PaisEntity { ID = 92, Nome = 'GUINE-EQUATORIAL',CdSis = 3310 } );";;;;
93;3344;'GUINE-BISSAU';"builder.HasData( new PaisEntity { ID = 93, Nome = 'GUINE-BISSAU',CdSis = 3344 } );";;;;
94;3379;'GUIANA';"builder.HasData( new PaisEntity { ID = 94, Nome = 'GUIANA',CdSis = 3379 } );";;;;
95;3417;'HAITI';"builder.HasData( new PaisEntity { ID = 95, Nome = 'HAITI',CdSis = 3417 } );";;;;
96;3450;'HONDURAS';"builder.HasData( new PaisEntity { ID = 96, Nome = 'HONDURAS',CdSis = 3450 } );";;;;
97;3514;'HONG KONG';"builder.HasData( new PaisEntity { ID = 97, Nome = 'HONG KONG',CdSis = 3514 } );";;;;
98;3557;'HUNGRIA, REPUBLICA DA';"builder.HasData( new PaisEntity { ID = 98, Nome = 'HUNGRIA, REPUBLICA DA',CdSis = 3557 } );";;;;
99;3573;'IEMEN';"builder.HasData( new PaisEntity { ID = 99, Nome = 'IEMEN',CdSis = 3573 } );";;;;
100;3595;'MAN, ILHA DE';"builder.HasData( new PaisEntity { ID = 100, Nome = 'MAN, ILHA DE',CdSis = 3595 } );";;;;
101;3611;'INDIA';"builder.HasData( new PaisEntity { ID = 101, Nome = 'INDIA',CdSis = 3611 } );";;;;
102;3654;'INDONESIA';"builder.HasData( new PaisEntity { ID = 102, Nome = 'INDONESIA',CdSis = 3654 } );";;;;
103;3697;'IRAQUE';"builder.HasData( new PaisEntity { ID = 103, Nome = 'IRAQUE',CdSis = 3697 } );";;;;
104;3727;'IRA, REPUBLICA ISLAMICA DO';"builder.HasData( new PaisEntity { ID = 104, Nome = 'IRA, REPUBLICA ISLAMICA DO',CdSis = 3727 } );";;;;
105;3751;'IRLANDA';"builder.HasData( new PaisEntity { ID = 105, Nome = 'IRLANDA',CdSis = 3751 } );";;;;
106;3794;'ISLANDIA';"builder.HasData( new PaisEntity { ID = 106, Nome = 'ISLANDIA',CdSis = 3794 } );";;;;
107;3832;'ISRAEL';"builder.HasData( new PaisEntity { ID = 107, Nome = 'ISRAEL',CdSis = 3832 } );";;;;
108;3867;'ITALIA';"builder.HasData( new PaisEntity { ID = 108, Nome = 'ITALIA',CdSis = 3867 } );";;;;
109;3913;'JAMAICA';"builder.HasData( new PaisEntity { ID = 109, Nome = 'JAMAICA',CdSis = 3913 } );";;;;
110;3964;'JOHNSTON, ILHAS';"builder.HasData( new PaisEntity { ID = 110, Nome = 'JOHNSTON, ILHAS',CdSis = 3964 } );";;;;
111;3999;'JAPAO';"builder.HasData( new PaisEntity { ID = 111, Nome = 'JAPAO',CdSis = 3999 } );";;;;
112;4030;'JORDANIA';"builder.HasData( new PaisEntity { ID = 112, Nome = 'JORDANIA',CdSis = 4030 } );";;;;
113;4111;'KIRIBATI';"builder.HasData( new PaisEntity { ID = 113, Nome = 'KIRIBATI',CdSis = 4111 } );";;;;
114;4200;'LAOS, REP.POP.DEMOCR.DO';"builder.HasData( new PaisEntity { ID = 114, Nome = 'LAOS, REP.POP.DEMOCR.DO',CdSis = 4200 } );";;;;
115;4260;'LESOTO';"builder.HasData( new PaisEntity { ID = 115, Nome = 'LESOTO',CdSis = 4260 } );";;;;
116;4278;'LETONIA, REPUBLICA DA';"builder.HasData( new PaisEntity { ID = 116, Nome = 'LETONIA, REPUBLICA DA',CdSis = 4278 } );";;;;
117;4316;'LIBANO';"builder.HasData( new PaisEntity { ID = 117, Nome = 'LIBANO',CdSis = 4316 } );";;;;
118;4340;'LIBERIA';"builder.HasData( new PaisEntity { ID = 118, Nome = 'LIBERIA',CdSis = 4340 } );";;;;
119;4383;'LIBIA';"builder.HasData( new PaisEntity { ID = 119, Nome = 'LIBIA',CdSis = 4383 } );";;;;
120;4405;'LIECHTENSTEIN';"builder.HasData( new PaisEntity { ID = 120, Nome = 'LIECHTENSTEIN',CdSis = 4405 } );";;;;
121;4421;'LITUANIA, REPUBLICA DA';"builder.HasData( new PaisEntity { ID = 121, Nome = 'LITUANIA, REPUBLICA DA',CdSis = 4421 } );";;;;
122;4456;'LUXEMBURGO';"builder.HasData( new PaisEntity { ID = 122, Nome = 'LUXEMBURGO',CdSis = 4456 } );";;;;
123;4472;'MACAU';"builder.HasData( new PaisEntity { ID = 123, Nome = 'MACAU',CdSis = 4472 } );";;;;
124;4499;'MACEDONIA, ANT.REP.IUGOSLAVA';"builder.HasData( new PaisEntity { ID = 124, Nome = 'MACEDONIA, ANT.REP.IUGOSLAVA',CdSis = 4499 } );";;;;
125;4502;'MADAGASCAR';"builder.HasData( new PaisEntity { ID = 125, Nome = 'MADAGASCAR',CdSis = 4502 } );";;;;
126;4525;'MADEIRA, ILHA DA';"builder.HasData( new PaisEntity { ID = 126, Nome = 'MADEIRA, ILHA DA',CdSis = 4525 } );";;;;
127;4553;'MALASIA';"builder.HasData( new PaisEntity { ID = 127, Nome = 'MALASIA',CdSis = 4553 } );";;;;
128;4588;'MALAVI';"builder.HasData( new PaisEntity { ID = 128, Nome = 'MALAVI',CdSis = 4588 } );";;;;
129;4618;'MALDIVAS';"builder.HasData( new PaisEntity { ID = 129, Nome = 'MALDIVAS',CdSis = 4618 } );";;;;
130;4642;'MALI';"builder.HasData( new PaisEntity { ID = 130, Nome = 'MALI',CdSis = 4642 } );";;;;
131;4677;'MALTA';"builder.HasData( new PaisEntity { ID = 131, Nome = 'MALTA',CdSis = 4677 } );";;;;
132;4723;'MARIANAS DO NORTE';"builder.HasData( new PaisEntity { ID = 132, Nome = 'MARIANAS DO NORTE',CdSis = 4723 } );";;;;
133;4740;'MARROCOS';"builder.HasData( new PaisEntity { ID = 133, Nome = 'MARROCOS',CdSis = 4740 } );";;;;
134;4766;'MARSHALL,ILHAS';"builder.HasData( new PaisEntity { ID = 134, Nome = 'MARSHALL,ILHAS',CdSis = 4766 } );";;;;
135;4774;'MARTINICA';"builder.HasData( new PaisEntity { ID = 135, Nome = 'MARTINICA',CdSis = 4774 } );";;;;
136;4855;'MAURICIO';"builder.HasData( new PaisEntity { ID = 136, Nome = 'MAURICIO',CdSis = 4855 } );";;;;
137;4880;'MAURITANIA';"builder.HasData( new PaisEntity { ID = 137, Nome = 'MAURITANIA',CdSis = 4880 } );";;;;
138;4885;'MAYOTTE (ILHAS FRANCESAS)';"builder.HasData( new PaisEntity { ID = 138, Nome = 'MAYOTTE (ILHAS FRANCESAS)',CdSis = 4885 } );";;;;
139;4901;'MIDWAY, ILHAS';"builder.HasData( new PaisEntity { ID = 139, Nome = 'MIDWAY, ILHAS',CdSis = 4901 } );";;;;
140;4936;'MEXICO';"builder.HasData( new PaisEntity { ID = 140, Nome = 'MEXICO',CdSis = 4936 } );";;;;
141;4944;'MOLDAVIA, REPUBLICA DA';"builder.HasData( new PaisEntity { ID = 141, Nome = 'MOLDAVIA, REPUBLICA DA',CdSis = 4944 } );";;;;
142;4952;'MONACO';"builder.HasData( new PaisEntity { ID = 142, Nome = 'MONACO',CdSis = 4952 } );";;;;
143;4979;'MONGOLIA';"builder.HasData( new PaisEntity { ID = 143, Nome = 'MONGOLIA',CdSis = 4979 } );";;;;
144;4985;'MONTENEGRO';"builder.HasData( new PaisEntity { ID = 144, Nome = 'MONTENEGRO',CdSis = 4985 } );";;;;
145;4995;'MICRONESIA';"builder.HasData( new PaisEntity { ID = 145, Nome = 'MICRONESIA',CdSis = 4995 } );";;;;
146;5010;'MONTSERRAT,ILHAS';"builder.HasData( new PaisEntity { ID = 146, Nome = 'MONTSERRAT,ILHAS',CdSis = 5010 } );";;;;
147;5053;'MOCAMBIQUE';"builder.HasData( new PaisEntity { ID = 147, Nome = 'MOCAMBIQUE',CdSis = 5053 } );";;;;
148;5070;'NAMIBIA';"builder.HasData( new PaisEntity { ID = 148, Nome = 'NAMIBIA',CdSis = 5070 } );";;;;
149;5088;'NAURU';"builder.HasData( new PaisEntity { ID = 149, Nome = 'NAURU',CdSis = 5088 } );";;;;
150;5118;'CHRISTMAS,ILHA (NAVIDAD)';"builder.HasData( new PaisEntity { ID = 150, Nome = 'CHRISTMAS,ILHA (NAVIDAD)',CdSis = 5118 } );";;;;
151;5177;'NEPAL';"builder.HasData( new PaisEntity { ID = 151, Nome = 'NEPAL',CdSis = 5177 } );";;;;
152;5215;'NICARAGUA';"builder.HasData( new PaisEntity { ID = 152, Nome = 'NICARAGUA',CdSis = 5215 } );";;;;
153;5258;'NIGER';"builder.HasData( new PaisEntity { ID = 153, Nome = 'NIGER',CdSis = 5258 } );";;;;
154;5282;'NIGERIA';"builder.HasData( new PaisEntity { ID = 154, Nome = 'NIGERIA',CdSis = 5282 } );";;;;
155;5312;'NIUE,ILHA';"builder.HasData( new PaisEntity { ID = 155, Nome = 'NIUE,ILHA',CdSis = 5312 } );";;;;
156;5355;'NORFOLK,ILHA';"builder.HasData( new PaisEntity { ID = 156, Nome = 'NORFOLK,ILHA',CdSis = 5355 } );";;;;
157;5380;'NORUEGA';"builder.HasData( new PaisEntity { ID = 157, Nome = 'NORUEGA',CdSis = 5380 } );";;;;
158;5428;'NOVA CALEDONIA';"builder.HasData( new PaisEntity { ID = 158, Nome = 'NOVA CALEDONIA',CdSis = 5428 } );";;;;
159;5452;'PAPUA NOVA GUINE';"builder.HasData( new PaisEntity { ID = 159, Nome = 'PAPUA NOVA GUINE',CdSis = 5452 } );";;;;
160;5487;'NOVA ZELANDIA';"builder.HasData( new PaisEntity { ID = 160, Nome = 'NOVA ZELANDIA',CdSis = 5487 } );";;;;
161;5517;'VANUATU';"builder.HasData( new PaisEntity { ID = 161, Nome = 'VANUATU',CdSis = 5517 } );";;;;
162;5568;'OMA';"builder.HasData( new PaisEntity { ID = 162, Nome = 'OMA',CdSis = 5568 } );";;;;
163;5665;'PACIFICO,ILHAS DO (POSSESSAO DOS EUA)';"builder.HasData( new PaisEntity { ID = 163, Nome = 'PACIFICO,ILHAS DO (POSSESSAO DOS EUA)',CdSis = 5665 } );";;;;
164;5738;'PAISES BAIXOS (HOLANDA)';"builder.HasData( new PaisEntity { ID = 164, Nome = 'PAISES BAIXOS (HOLANDA)',CdSis = 5738 } );";;;;
165;5754;'PALAU';"builder.HasData( new PaisEntity { ID = 165, Nome = 'PALAU',CdSis = 5754 } );";;;;
166;5762;'PAQUISTAO';"builder.HasData( new PaisEntity { ID = 166, Nome = 'PAQUISTAO',CdSis = 5762 } );";;;;
167;5800;'PANAMA';"builder.HasData( new PaisEntity { ID = 167, Nome = 'PANAMA',CdSis = 5800 } );";;;;
168;5860;'PARAGUAI';"builder.HasData( new PaisEntity { ID = 168, Nome = 'PARAGUAI',CdSis = 5860 } );";;;;
169;5894;'PERU';"builder.HasData( new PaisEntity { ID = 169, Nome = 'PERU',CdSis = 5894 } );";;;;
170;5932;'PITCAIRN,ILHA';"builder.HasData( new PaisEntity { ID = 170, Nome = 'PITCAIRN,ILHA',CdSis = 5932 } );";;;;
171;5991;'POLINESIA FRANCESA';"builder.HasData( new PaisEntity { ID = 171, Nome = 'POLINESIA FRANCESA',CdSis = 5991 } );";;;;
172;6033;'POLONIA, REPUBLICA DA';"builder.HasData( new PaisEntity { ID = 172, Nome = 'POLONIA, REPUBLICA DA',CdSis = 6033 } );";;;;
173;6076;'PORTUGAL';"builder.HasData( new PaisEntity { ID = 173, Nome = 'PORTUGAL',CdSis = 6076 } );";;;;
174;6114;'PORTO RICO';"builder.HasData( new PaisEntity { ID = 174, Nome = 'PORTO RICO',CdSis = 6114 } );";;;;
175;6238;'QUENIA';"builder.HasData( new PaisEntity { ID = 175, Nome = 'QUENIA',CdSis = 6238 } );";;;;
176;6254;'QUIRGUIZ, REPUBLICA';"builder.HasData( new PaisEntity { ID = 176, Nome = 'QUIRGUIZ, REPUBLICA',CdSis = 6254 } );";;;;
177;6289;'REINO UNIDO';"builder.HasData( new PaisEntity { ID = 177, Nome = 'REINO UNIDO',CdSis = 6289 } );";;;;
178;6408;'REPUBLICA CENTRO-AFRICANA';"builder.HasData( new PaisEntity { ID = 178, Nome = 'REPUBLICA CENTRO-AFRICANA',CdSis = 6408 } );";;;;
179;6475;'REPUBLICA DOMINICANA';"builder.HasData( new PaisEntity { ID = 179, Nome = 'REPUBLICA DOMINICANA',CdSis = 6475 } );";;;;
180;6602;'REUNIAO, ILHA';"builder.HasData( new PaisEntity { ID = 180, Nome = 'REUNIAO, ILHA',CdSis = 6602 } );";;;;
181;6653;'ZIMBABUE';"builder.HasData( new PaisEntity { ID = 181, Nome = 'ZIMBABUE',CdSis = 6653 } );";;;;
182;6700;'ROMENIA';"builder.HasData( new PaisEntity { ID = 182, Nome = 'ROMENIA',CdSis = 6700 } );";;;;
183;6750;'RUANDA';"builder.HasData( new PaisEntity { ID = 183, Nome = 'RUANDA',CdSis = 6750 } );";;;;
184;6769;'RUSSIA, FEDERACAO DA';"builder.HasData( new PaisEntity { ID = 184, Nome = 'RUSSIA, FEDERACAO DA',CdSis = 6769 } );";;;;
185;6777;'SALOMAO, ILHAS';"builder.HasData( new PaisEntity { ID = 185, Nome = 'SALOMAO, ILHAS',CdSis = 6777 } );";;;;
186;6781;'SAINT KITTS E NEVIS';"builder.HasData( new PaisEntity { ID = 186, Nome = 'SAINT KITTS E NEVIS',CdSis = 6781 } );";;;;
187;6858;'SAARA OCIDENTAL';"builder.HasData( new PaisEntity { ID = 187, Nome = 'SAARA OCIDENTAL',CdSis = 6858 } );";;;;
188;6874;'EL SALVADOR';"builder.HasData( new PaisEntity { ID = 188, Nome = 'EL SALVADOR',CdSis = 6874 } );";;;;
189;6904;'SAMOA';"builder.HasData( new PaisEntity { ID = 189, Nome = 'SAMOA',CdSis = 6904 } );";;;;
190;6912;'SAMOA AMERICANA';"builder.HasData( new PaisEntity { ID = 190, Nome = 'SAMOA AMERICANA',CdSis = 6912 } );";;;;
191;6955;'SAO CRISTOVAO E NEVES,ILHAS';"builder.HasData( new PaisEntity { ID = 191, Nome = 'SAO CRISTOVAO E NEVES,ILHAS',CdSis = 6955 } );";;;;
192;6971;'SAN MARINO';"builder.HasData( new PaisEntity { ID = 192, Nome = 'SAN MARINO',CdSis = 6971 } );";;;;
193;7005;'SAO PEDRO E MIQUELON';"builder.HasData( new PaisEntity { ID = 193, Nome = 'SAO PEDRO E MIQUELON',CdSis = 7005 } );";;;;
194;7056;'SAO VICENTE E GRANADINAS';"builder.HasData( new PaisEntity { ID = 194, Nome = 'SAO VICENTE E GRANADINAS',CdSis = 7056 } );";;;;
195;7102;'SANTA HELENA';"builder.HasData( new PaisEntity { ID = 195, Nome = 'SANTA HELENA',CdSis = 7102 } );";;;;
196;7153;'SANTA LUCIA';"builder.HasData( new PaisEntity { ID = 196, Nome = 'SANTA LUCIA',CdSis = 7153 } );";;;;
197;7200;'SAO TOME E PRINCIPE, ILHAS';"builder.HasData( new PaisEntity { ID = 197, Nome = 'SAO TOME E PRINCIPE, ILHAS',CdSis = 7200 } );";;;;
198;7285;'SENEGAL';"builder.HasData( new PaisEntity { ID = 198, Nome = 'SENEGAL',CdSis = 7285 } );";;;;
199;7315;'SEYCHELLES';"builder.HasData( new PaisEntity { ID = 199, Nome = 'SEYCHELLES',CdSis = 7315 } );";;;;
200;7358;'SERRA LEOA';"builder.HasData( new PaisEntity { ID = 200, Nome = 'SERRA LEOA',CdSis = 7358 } );";;;;
201;7370;'SERVIA';"builder.HasData( new PaisEntity { ID = 201, Nome = 'SERVIA',CdSis = 7370 } );";;;;
202;7412;'CINGAPURA';"builder.HasData( new PaisEntity { ID = 202, Nome = 'CINGAPURA',CdSis = 7412 } );";;;;
203;7447;'SIRIA, REPUBLICA ARABE DA';"builder.HasData( new PaisEntity { ID = 203, Nome = 'SIRIA, REPUBLICA ARABE DA',CdSis = 7447 } );";;;;
204;7480;'SOMALIA';"builder.HasData( new PaisEntity { ID = 204, Nome = 'SOMALIA',CdSis = 7480 } );";;;;
205;7501;'SRI LANKA';"builder.HasData( new PaisEntity { ID = 205, Nome = 'SRI LANKA',CdSis = 7501 } );";;;;
206;7544;'SUAZILANDIA';"builder.HasData( new PaisEntity { ID = 206, Nome = 'SUAZILANDIA',CdSis = 7544 } );";;;;
207;7560;'AFRICA DO SUL';"builder.HasData( new PaisEntity { ID = 207, Nome = 'AFRICA DO SUL',CdSis = 7560 } );";;;;
208;7595;'SUDAO';"builder.HasData( new PaisEntity { ID = 208, Nome = 'SUDAO',CdSis = 7595 } );";;;;
209;7641;'SUECIA';"builder.HasData( new PaisEntity { ID = 209, Nome = 'SUECIA',CdSis = 7641 } );";;;;
210;7676;'SUICA';"builder.HasData( new PaisEntity { ID = 210, Nome = 'SUICA',CdSis = 7676 } );";;;;
211;7706;'SURINAME';"builder.HasData( new PaisEntity { ID = 211, Nome = 'SURINAME',CdSis = 7706 } );";;;;
212;7722;'TADJIQUISTAO, REPUBLICA DO';"builder.HasData( new PaisEntity { ID = 212, Nome = 'TADJIQUISTAO, REPUBLICA DO',CdSis = 7722 } );";;;;
213;7765;'TAILANDIA';"builder.HasData( new PaisEntity { ID = 213, Nome = 'TAILANDIA',CdSis = 7765 } );";;;;
214;7803;'TANZANIA, REP.UNIDA DA';"builder.HasData( new PaisEntity { ID = 214, Nome = 'TANZANIA, REP.UNIDA DA',CdSis = 7803 } );";;;;
215;7820;'TERRITORIO BRIT.OC.INDICO';"builder.HasData( new PaisEntity { ID = 215, Nome = 'TERRITORIO BRIT.OC.INDICO',CdSis = 7820 } );";;;;
216;7838;'DJIBUTI';"builder.HasData( new PaisEntity { ID = 216, Nome = 'DJIBUTI',CdSis = 7838 } );";;;;
217;7889;'CHADE';"builder.HasData( new PaisEntity { ID = 217, Nome = 'CHADE',CdSis = 7889 } );";;;;
218;7919;'TCHECA, REPUBLICA';"builder.HasData( new PaisEntity { ID = 218, Nome = 'TCHECA, REPUBLICA',CdSis = 7919 } );";;;;
219;7951;'TIMOR LESTE';"builder.HasData( new PaisEntity { ID = 219, Nome = 'TIMOR LESTE',CdSis = 7951 } );";;;;
220;8001;'TOGO';"builder.HasData( new PaisEntity { ID = 220, Nome = 'TOGO',CdSis = 8001 } );";;;;
221;8052;'TOQUELAU,ILHAS';"builder.HasData( new PaisEntity { ID = 221, Nome = 'TOQUELAU,ILHAS',CdSis = 8052 } );";;;;
222;8109;'TONGA';"builder.HasData( new PaisEntity { ID = 222, Nome = 'TONGA',CdSis = 8109 } );";;;;
223;8150;'TRINIDAD E TOBAGO';"builder.HasData( new PaisEntity { ID = 223, Nome = 'TRINIDAD E TOBAGO',CdSis = 8150 } );";;;;
224;8206;'TUNISIA';"builder.HasData( new PaisEntity { ID = 224, Nome = 'TUNISIA',CdSis = 8206 } );";;;;
225;8230;'TURCAS E CAICOS,ILHAS';"builder.HasData( new PaisEntity { ID = 225, Nome = 'TURCAS E CAICOS,ILHAS',CdSis = 8230 } );";;;;
226;8249;'TURCOMENISTAO, REPUBLICA DO';"builder.HasData( new PaisEntity { ID = 226, Nome = 'TURCOMENISTAO, REPUBLICA DO',CdSis = 8249 } );";;;;
227;8273;'TURQUIA';"builder.HasData( new PaisEntity { ID = 227, Nome = 'TURQUIA',CdSis = 8273 } );";;;;
228;8281;'TUVALU';"builder.HasData( new PaisEntity { ID = 228, Nome = 'TUVALU',CdSis = 8281 } );";;;;
229;8311;'UCRANIA';"builder.HasData( new PaisEntity { ID = 229, Nome = 'UCRANIA',CdSis = 8311 } );";;;;
230;8338;'UGANDA';"builder.HasData( new PaisEntity { ID = 230, Nome = 'UGANDA',CdSis = 8338 } );";;;;
231;8451;'URUGUAI';"builder.HasData( new PaisEntity { ID = 231, Nome = 'URUGUAI',CdSis = 8451 } );";;;;
232;8478;'UZBEQUISTAO, REPUBLICA DO';"builder.HasData( new PaisEntity { ID = 232, Nome = 'UZBEQUISTAO, REPUBLICA DO',CdSis = 8478 } );";;;;
233;8486;'VATICANO, EST.DA CIDADE DO';"builder.HasData( new PaisEntity { ID = 233, Nome = 'VATICANO, EST.DA CIDADE DO',CdSis = 8486 } );";;;;
234;8508;'VENEZUELA';"builder.HasData( new PaisEntity { ID = 234, Nome = 'VENEZUELA',CdSis = 8508 } );";;;;
235;8583;'VIETNA';"builder.HasData( new PaisEntity { ID = 235, Nome = 'VIETNA',CdSis = 8583 } );";;;;
236;8630;'VIRGENS,ILHAS (BRITANICAS)';"builder.HasData( new PaisEntity { ID = 236, Nome = 'VIRGENS,ILHAS (BRITANICAS)',CdSis = 8630 } );";;;;
237;8664;'VIRGENS,ILHAS (E.U.A.)';"builder.HasData( new PaisEntity { ID = 237, Nome = 'VIRGENS,ILHAS (E.U.A.)',CdSis = 8664 } );";;;;
238;8702;'FIJI';"builder.HasData( new PaisEntity { ID = 238, Nome = 'FIJI',CdSis = 8702 } );";;;;
239;8737;'WAKE, ILHA';"builder.HasData( new PaisEntity { ID = 239, Nome = 'WAKE, ILHA',CdSis = 8737 } );";;;;
240;8885;'CONGO, REPUBLICA DEMOCRATICA DO';"builder.HasData( new PaisEntity { ID = 240, Nome = 'CONGO, REPUBLICA DEMOCRATICA DO',CdSis = 8885 } );";;;;
241;8907;'ZAMBIA';"builder.HasData( new PaisEntity { ID = 241, Nome = 'ZAMBIA',CdSis = 8907 } );";;;;
242;8958;'ZONA DO CANAL DO PANAMA';"builder.HasData( new PaisEntity { ID = 242, Nome = 'ZONA DO CANAL DO PANAMA',CdSis = 8958 } );";;;;
